<?xml version="1.0" encoding="UTF-8"?>
<project-private xmlns="http://www.netbeans.org/ns/project-private/1">
    <editor-bookmarks xmlns="http://www.netbeans.org/ns/editor-bookmarks/2" lastBookmarkId="0"/>
    <open-files xmlns="http://www.netbeans.org/ns/projectui-open-files/2">
        <group>
            <file>file:/C:/Users/SamuelD/Documents/NetBeansProjects/Pokemon/src/pokemon/Jeu.java</file>
            <file>file:/C:/Users/SamuelD/Documents/NetBeansProjects/Pokemon/src/pokemon/euromillions.csv</file>
            <file>file:/C:/Users/SamuelD/Documents/NetBeansProjects/Pokemon/test/pokemon/BienvenueTest.java</file>
            <file>file:/C:/Users/SamuelD/Documents/NetBeansProjects/Pokemon/test/pokemon/PokemonSuite.java</file>
            <file>file:/C:/Users/SamuelD/Documents/NetBeansProjects/Pokemon/src/pokemon/Pokemon.java</file>
            <file>file:/C:/Users/SamuelD/Documents/NetBeansProjects/Pokemon/src/pokemon/Bienvenue.java</file>
            <file>file:/C:/Users/SamuelD/Documents/NetBeansProjects/Pokemon/src/pokemon/Regles.java</file>
        </group>
    </open-files>
</project-private>
